T01,00:00,00:30,1,S03
T02,00:30,01:00,2,S03
T03,01:00,01:30,3,S03
T04,01:30,02:00,4,S03
T05,02:00,02:30,5,S03
T06,02:30,03:00,6,S03
T07,03:00,03:30,7,S03
T08,03:30,04:00,8,S03
T09,04:00,04:30,9,S03
T10,04:30,05:00,10,S03
T11,05:00,05:30,11,S03
T12,05:30,06:00,12,S03
T13,06:00,06:30,13,S01
T14,06:30,07:00,14,S01
T15,07:00,07:30,15,S01
T16,07:30,08:00,16,S01
T17,08:00,08:30,17,S01
T18,08:30,09:00,18,S01
T19,09:00,09:30,19,S01
T20,09:30,10:00,20,S01
T21,10:00,10:30,21,S01
T22,10:30,11:00,22,S01
T23,11:00,11:30,23,S01
T24,11:30,12:00,24,S01
T25,12:00,12:30,25,S01
T26,12:30,13:00,26,S01
T27,13:00,13:30,27,S01
T28,13:30,14:00,28,S01
T29,14:00,14:30,29,S02
T30,14:30,15:00,30,S02
T31,15:00,15:30,31,S02
T32,15:30,16:00,32,S02
T33,16:00,16:30,33,S02
T34,16:30,17:00,34,S02
T35,17:00,17:30,35,S02
T36,17:30,18:00,36,S02
T37,18:00,18:30,37,S02
T38,18:30,19:00,38,S02
T39,19:00,19:30,39,S02
T40,19:30,20:00,40,S02
T41,20:00,20:30,41,S02
T42,20:30,21:00,42,S02
T43,21:00,21:30,43,S02
T44,21:30,22:00,44,S02
T45,22:00,22:30,45,S03
T46,22:30,23:00,46,S03
T47,23:00,23:30,47,S03
T48,23:30,00:00,48,S03